id,colada,lote,nro_tubo,fecha,Ceq,Caudal,VelVia,Ttemple,TZ1,TZ2,TZ3,PermRev,TRev
1182,4200,360,1,738371,0.638040206618055,493.470728788181,99.9098669974925,26.0448872789774,657.723375581929,682.033982602795,690.693633705212,61.5677865388111,676.28210926572
1183,4200,360,2,738371,0.636942717542579,510.580986283969,98.4739569383981,24.0920918785604,655.768086069517,676.936559289274,688.777939510612,58.4274818346951,675.516003857842
1184,4200,360,3,738371,0.628779100594657,490.586482898525,97.6463954295921,25.4643617080013,663.024149020895,677.049978433981,690.43780026139,61.5780626401352,674.629039587496
1185,4200,360,4,738371,0.639840817474401,496.276944877375,99.4562660971924,24.5759072152776,659.244912151419,679.872198139901,689.842116632214,63.1919136348285,671.739676219819
1186,4200,360,5,738371,0.614544693374934,501.408878910393,99.8451306706248,24.9974164794046,663.404753402434,678.007480378307,690.484235923605,61.2314648478116,675.45146400111
1187,4200,360,6,738371,0.63223673732134,490.042671620288,99.9388625515493,26.4664032541192,660.599832692843,678.932163257038,692.73980764642,60.9930922369725,676.768968027549
1188,4200,360,7,738371,0.628601775321945,489.798331103756,99.2310102006736,24.3545646861967,662.70290767789,680.814269668047,687.57051510968,63.0916543611768,674.126574796888
1189,4200,360,8,738371,0.639153529374739,491.792546125222,98.9605721730018,23.6668387672983,660.576232662719,681.25428438746,689.473776490542,61.0513967645769,677.687205178774
1190,4200,360,9,738371,0.639273667455287,498.131232777024,101.136799998514,24.5430420335618,657.710847999949,680.241439899809,688.926757552551,59.0823355203674,672.071080785605
1191,4200,360,10,738371,0.64130295879399,485.616892303265,100.391286702616,26.2146533520793,656.841762745391,679.252740239649,694.249188333009,58.9592932208423,675.143543728531
1192,4200,360,11,738371,0.649332205587852,482.789828071414,99.4241868062694,23.5235280539385,661.245682221691,681.133021312106,694.244848517053,61.1615086425636,675.662641259428
1193,4200,360,12,738371,0.654454358128211,506.898134428233,99.9462326407283,25.531002387959,658.53643161711,681.669961454339,689.381659192014,60.6910749661208,675.102207539401
1194,4200,360,13,738371,0.648193862669833,493.650600529881,99.9803356685758,24.7679631348991,659.650712295032,678.096471498287,689.207958477335,60.0202184087561,675.11311788068
1195,4200,360,14,738371,0.620853968019093,502.75034929263,99.3401612504104,24.1929131920485,662.246804545286,678.624667780285,691.348644025705,63.3852040757084,677.175991638598
1196,4200,360,15,738371,0.634082116808347,515.710557127801,101.134221499529,24.9603752372019,656.865868366159,678.7929021971,688.327490526795,62.7070088176645,672.813133539159
1197,4200,360,16,738371,0.658795795223299,495.515507189175,98.7090612469695,23.6417747739291,659.619456360581,680.542749406106,688.884900603368,61.6673934366369,676.071707228941
1198,4200,360,17,738371,0.631990705473891,507.167857710186,100.386400755816,24.5967715325465,662.014334632937,677.361727503373,689.890686016063,60.7886241298406,675.376084674503
1199,4200,360,18,738371,0.636195757439921,504.023334810671,99.1642421150414,26.2757408561567,663.312383214806,683.829547579719,688.919454922834,61.032795231929,677.585941910529
1200,4200,360,19,738371,0.633960000310683,490.146583309653,101.287544815398,23.0976689310467,661.26298340809,679.163453864304,688.857927917476,56.2181138486322,670.821540458701
1201,4200,360,20,738371,0.646859801989847,499.848652469107,101.475373582799,25.1454486660305,660.315723052049,679.490173780082,688.08096997633,60.5918601910102,676.569384514585
1202,4200,360,21,738371,0.649307398031763,505.834863984491,102.119875933323,25.3249850968185,659.207084432697,682.012842356442,688.417536228704,61.6080610056387,678.154305344019
1203,4200,360,22,738371,0.629007178703167,505.338777705896,99.5035193657317,24.6049998966018,661.017474102834,679.849458030812,692.441147290372,59.1110427617987,675.030918668061
1204,4200,360,23,738371,0.648543832978312,509.28225000864,99.6365187075778,25.0845302258072,659.373924952301,677.633011166935,688.034086137903,61.9336849965034,674.606187922609
1205,4200,360,24,738371,0.643970351240623,497.35790333942,99.098645864749,25.3144208814387,660.624289534878,677.415954058641,691.692616924212,61.8041947468522,676.560005460782
1206,4200,360,25,738371,0.628219242800359,496.510322084486,99.9717145703727,26.3524643487301,662.899460337182,677.060050235278,688.926112109986,61.6806548234579,675.245484097121
1207,4200,370,1,738371,0.66198953323386,505.412532184769,100.324947560766,24.3075027953309,660.216772036414,680.258090981183,689.452459708927,56.727584780846,676.056497969537
1208,4200,370,2,738371,0.634946722291765,496.018139992927,100.303905538772,22.3349063710438,658.057205642324,680.086789193393,689.068421732555,57.6670416185654,676.069257059898
1209,4200,370,3,738371,0.642081579412988,503.931538405271,100.499164645418,24.3130888108063,658.751278582121,679.135925231091,691.026097348645,63.2265248642604,677.771004917078
1210,4200,370,4,738371,0.64119102397432,502.436544634174,100.015524194053,26.2811804554001,661.323393186312,681.085921240516,690.032957168472,61.7229828810849,672.604218297015
1211,4200,370,5,738371,0.639735520376863,483.005523602379,98.9183881480809,23.4032746359002,659.682905366358,680.676318804442,690.497395732555,65.0618930545734,677.887290042459
1212,4200,370,6,738371,0.630934710098699,530.638567024166,99.766118909326,23.6551782932058,659.580277491076,683.285053033716,688.601025814109,54.8399222251315,673.051528393741
1213,4200,370,7,738371,0.63973489257579,501.106207594356,99.0003139520577,24.9751158244749,660.120335700508,679.609402997733,688.771430380854,60.9585364444145,674.622009945365
1214,4200,370,8,738371,0.642356863124798,475.363391916665,99.9264837005897,26.4408207091661,661.112993668409,679.431435415328,688.646764525357,63.9774233041504,675.699597453154
1215,4200,370,9,738371,0.647919576540634,500.83590633719,101.287530250074,25.1823866787052,659.759713659559,679.483127196507,690.236630840416,57.5959144848321,675.466915732066
1216,4200,370,10,738371,0.628908084248324,499.38204698722,101.434759752016,26.5157016235812,661.232250560297,683.09138589609,690.61655077987,58.0121404298024,672.524724409202
1217,4200,370,11,738371,0.642906401471392,496.796615360017,99.9950620758684,24.0496039081603,656.830035987065,679.064330499663,691.157243833588,62.9355355713911,673.478733969489
1218,4200,370,12,738371,0.614596125340938,505.450911706395,100.814666667782,24.2498545928316,660.767894062717,675.661221287442,690.381522640954,56.489580673277,674.449583149556
1219,4200,370,13,738371,0.636149684040096,493.738273103476,99.1525881168821,26.3344805941878,658.164379477524,677.709523235263,692.316102837105,63.2362305005519,675.67088817197
1220,4200,370,14,738371,0.62019251273203,495.905327921531,101.274768390414,26.4015409694977,661.30126437685,680.532037861777,689.842177933425,55.6516622513223,676.278212648213
1221,4200,370,15,738371,0.644899819341034,505.82053285568,99.5916991286715,24.6147457588995,659.189025857237,678.820970376308,687.022645766997,59.5128372853002,675.733007600087
1222,4200,370,16,738371,0.639708946035541,524.273578281313,99.6122578920401,25.2313171070852,659.54832074715,678.527504997474,688.673267421145,59.9446614610377,672.888872361799
1223,4200,370,17,738371,0.637738557601635,500.581163349721,101.661480546058,22.4892960340654,658.110812778076,680.523211644596,688.39717221246,58.7255575981756,674.138492780522
1224,4200,370,18,738371,0.621714258155627,505.219232084541,101.432508939879,24.3505225042683,657.773534186486,679.361700280728,690.607876412996,62.017514627731,673.177434266483
1225,4200,370,19,738371,0.633486728190677,502.021697904569,101.272654895319,24.4966471584068,660.025518641888,679.215582104979,688.914075037809,60.9735740392389,673.134044742511
1226,4200,370,20,738371,0.641860677506219,505.336269312298,99.0226378848087,24.0870547396375,658.552796103648,680.715252179607,688.957973777406,59.7550459326248,675.109561686961
1227,4200,370,21,738371,0.635225294983952,505.12055421911,100.016485041619,25.5751034315763,658.699818670026,681.160671456192,689.845743182711,59.2202882352514,674.175047182985
1228,4200,370,22,738371,0.618773527786866,505.641112133465,99.9346802211975,24.8758627360338,661.973735686915,679.386651598747,689.452227524195,63.4134520257584,675.444611938488
1229,4200,370,23,738371,0.65418877464077,496.686063055559,100.280897355414,24.9724593303757,659.293073069917,680.512193238601,689.943010469767,60.921443290453,671.608431611416
1230,4200,370,24,738371,0.636049414190188,490.959877615341,100.546672254291,24.7384926333499,656.133505623393,680.55395338401,690.643484372762,58.8529050473817,675.394457272364
1231,4200,370,25,738371,0.655196455676923,492.500020510533,99.3006652781046,27.4066625120454,660.331411475834,681.320061407829,690.155106878477,59.8473072945378,675.198413569818
1232,4200,380,1,738371,0.63790780648287,510.034559262129,100.677343928295,26.3183323673012,658.192538217759,679.84282290944,688.781169324776,59.786167124187,672.986837911227
1233,4200,380,2,738371,0.656218268281578,486.163382503046,101.087741170645,25.8616653895444,662.1576151106,679.885540122084,689.242104067446,56.420310742569,676.334880397029
1234,4200,380,3,738371,0.651232444181682,513.464396767804,99.8343050558817,23.6664027279991,658.876527302024,679.880142086685,688.597633194155,60.6723204830403,675.811038824642
1235,4200,380,4,738371,0.65375102173054,493.995138171549,100.271988441115,25.2747900929753,660.175765334555,679.431876541503,687.875057004465,57.9989613534613,673.017371425242
1236,4200,380,5,738371,0.652406896287607,493.607551904931,100.93422133749,24.6640360779905,661.06643814529,681.455145504209,694.036213263304,61.3171746705435,675.835030100444
1237,4200,380,6,738371,0.644227070169401,490.377366140184,100.644854223776,26.4294023448157,658.506630659668,680.557996222192,687.642312832882,61.372921680609,676.913547261551
1238,4200,380,7,738371,0.635393105559289,497.837275746997,98.5159412761399,24.4251802167143,660.604954136678,679.662552203644,689.548203918821,56.3646699666088,674.087845446163
1239,4200,380,8,738371,0.641068738871626,508.341838484945,99.734589495402,24.289959097157,660.250043268833,677.757437882818,690.908793312846,59.8048740121474,675.90316350438
1240,4200,380,9,738371,0.639513124319027,510.287922685227,98.4385486681668,25.267709952214,656.533087270968,678.817813684553,692.561428180174,59.6732669990644,676.400132004139
1241,4200,380,10,738371,0.636643647739583,508.162662095529,99.5115953743224,24.2308303036062,660.745071889517,681.038045636482,689.405418980459,63.2757148161992,678.086066053836
1242,4200,380,11,738371,0.646982950388567,492.205189116837,99.9857599429283,26.8046542888849,659.340636307849,680.259663832991,686.399546651846,59.7045806832325,675.179655489348
1243,4200,380,12,738371,0.638491526697149,502.884430782886,100.188545814135,26.1728019276243,662.208897187045,679.447110146833,689.207773537844,58.8582326897399,672.323252122466
1244,4200,380,13,738371,0.620001741212484,514.93505676871,100.351483784334,23.9555877792901,660.145715313892,678.252803037054,690.429847775369,61.4601310387565,677.42102608451
1245,4200,380,14,738371,0.638017527694292,493.632412111137,99.033286865855,25.7415070587669,657.760435628214,680.641388389325,691.72265874586,61.6948072815024,673.855727847352
1246,4200,380,15,738371,0.645541350724774,497.382081363002,99.5305903509072,23.7892987651762,658.664119753439,680.07635634286,690.831965124116,57.89067627802,675.968666970756
1247,4200,380,16,738371,0.644870289497403,506.801583889559,99.3983254502357,24.9344065865094,661.037873072857,681.200871629961,687.538820933732,59.476483751981,673.733982130927
1248,4200,380,17,738371,0.640650868468029,486.087464717754,100.40050937926,26.0482951724436,659.004905919621,680.772170112037,688.64222193422,57.5181282460012,677.02814303267
1249,4200,380,18,738371,0.634023623262178,487.421624279156,99.9193597491957,24.8460265965538,659.645821424728,681.56360401564,690.194097148257,58.5883420903778,673.243877208015
1250,4200,380,19,738371,0.652939276717244,509.97306891885,100.457844057848,21.8686977913604,659.198133487373,678.499861452445,687.813271898565,63.6033860201889,672.599743196259
1251,4200,380,20,738371,0.646422852061366,501.837716580756,99.1006226301786,24.1320562436693,657.759786343216,679.579654242474,688.345884655124,60.9711192873357,675.127295611591
1252,4200,380,21,738371,0.644121590163665,498.791098013498,99.8379765959999,25.576718365149,659.266730283877,677.513242937094,689.99282114372,62.3078617759023,675.417176078999
1253,4200,380,22,738371,0.653005954818246,494.542647161287,99.0886543428273,24.3717343370322,657.749802327253,678.635776388233,690.547754171257,61.194353703796,675.095853531898
1254,4200,380,23,738371,0.631305621950107,504.876540337409,98.6702997979818,27.1320892267239,659.417974549898,680.627176146857,690.011447825302,59.5905880029624,676.222670904305
1255,4200,380,24,738371,0.66169582265036,497.090309376465,100.266983225604,24.5891261489117,657.30466119276,682.151220260473,693.501532970361,59.8866816765558,675.3609958874
1256,4200,380,25,738371,0.655709035017741,497.229623274608,98.1990437119849,25.0411990320823,650.01101359382,665.042582024629,679.293002179585,69.4316249523408,663.654306802692
1257,4200,390,1,738371,0.656248168342466,485.369433645416,99.2576759235725,25.6070817687489,649.424029515452,671.52239506773,679.764224992674,68.1437546608778,662.186033505404
1258,4200,390,2,738371,0.659168181125871,519.259229534455,100.082141653234,24.4117270299286,648.565971052235,670.090659918204,678.266797073478,67.7315951554542,665.445931710903
1259,4200,390,3,738371,0.66876909345301,506.447852368939,100.65319152003,24.5164797106172,649.410778516695,667.666314324828,678.489458908231,70.9710241891091,659.754321259647
1260,4200,390,4,738371,0.659855693711401,515.862266463782,100.700180733439,24.3337994260876,651.701662330103,670.402860782823,678.376401620348,70.4982133656603,664.832657942611
1261,4200,390,5,738371,0.668486808433042,480.604570176426,100.000943446072,26.9516295728062,649.235461570262,669.912027965499,679.690656791989,68.7869984370457,668.113962975687
1262,4200,390,6,738371,0.665773723691749,518.107383971424,99.8795766321821,24.4913846302813,648.500366461467,671.2433527512,679.141160899536,71.0093491563008,664.218524449832
1263,4200,390,7,738371,0.659528856246732,485.768692400478,99.8922756927522,24.2250738334481,648.745922592579,672.055793379948,679.038978483163,68.962238102897,663.900125029689
1264,4200,390,8,738371,0.664898204825971,505.784148817523,97.7566241416024,25.2740830461191,649.824938000276,669.322720003228,678.566286357334,71.9220658416043,662.531675003285
1265,4200,390,9,738371,0.650452455592635,497.059307846163,99.6883577557913,24.9278454857715,650.623382074122,670.043310769569,679.196254039237,68.0769720660575,665.488310674433
1266,4200,390,10,738371,0.661565244175099,492.501145917961,99.7914152852332,26.6559562163831,649.945315089588,669.549446824408,679.710664388349,68.3492376867229,664.640497147655
1267,4200,390,11,738371,0.678490255394868,505.017329751878,99.7457361893265,26.1061946652775,652.22562413251,670.641480048857,680.30002567462,68.5472167287055,665.996794089311
1268,4200,390,12,738371,0.669545796113836,485.631580984824,100.240007361536,24.6630466019469,651.067546413097,672.825636548476,681.498732061559,73.8722040449709,664.830102262358
1269,4200,390,13,738371,0.650376855115385,477.709707474941,102.224820553479,24.8813642073945,651.629786779482,671.196822106323,678.753514030789,70.8562093678903,664.892617799764
1270,4200,390,14,738371,0.663581632031944,511.442290652318,99.2764036497524,26.5827455495269,653.411451568089,668.475141302904,675.977697046049,70.9795448879923,665.645337281982
1271,4200,390,15,738371,0.653631042513131,515.483380402047,100.921192562036,26.572178772384,653.124539707746,668.726324443429,678.650699260693,71.6047791626392,664.272576173947
1272,4200,390,16,738371,0.668317943561615,497.719338103145,100.396516850294,25.0625860531077,649.666490208963,669.677302716039,679.229345409757,69.4846241772333,665.63498332346
1273,4200,390,17,738371,0.662195497201398,518.568004291925,99.2992926082298,24.3513516957265,653.240502026223,670.619053488103,677.863154542557,68.7967531967037,666.700639800199
1274,4200,390,18,738371,0.6776761373595,495.82821761745,100.608028784661,23.3201925609958,647.721255060518,671.448067790636,680.436696685369,70.431471555153,666.303666984664
1275,4200,390,19,738371,0.676692925489378,493.6770506685,100.447168314482,25.1166812029018,649.520101540679,667.30271281113,681.480516974296,70.4896172557496,666.817675674064
1276,4200,390,20,738371,0.688794757918203,503.263423045214,101.950852660825,24.614460018469,648.959243727798,674.36531051256,679.130080184992,66.8232570801759,664.018055777894
1277,4200,390,21,738371,0.674495276137175,496.715105512906,100.930523220013,26.4073164971681,650.864908271997,671.346223131227,680.148753631749,68.0379373314241,666.173168574185
1278,4200,390,22,738371,0.634229576425523,512.73488796465,99.9435377041863,26.683618869736,648.466683222025,665.933422589757,679.287416577633,68.1203438943472,663.442860224636
1279,4200,390,23,738371,0.659382080599214,506.231981654634,99.4325856604282,26.2235627035952,649.764255205558,671.224170406962,677.0602676109,72.0132342058027,665.44543425704
1280,4200,390,24,738371,0.687091097597877,494.874196814919,100.220007009714,24.8881948854188,648.758363701794,672.824449686183,683.380293705602,70.7089695999538,665.387590271365
1281,4200,390,25,738371,0.665151008797628,498.235600932502,100.393254923497,25.0233344976207,649.739065401081,673.383387087103,678.997856822905,71.1073819387012,665.236986968118
1282,4200,400,1,738371,0.660739593361715,500.906050653271,98.9745004881562,24.4701976602375,652.986617908158,668.302072817409,681.105699486391,71.1526250702112,665.276684384622
1283,4200,400,2,738371,0.643655111746958,501.392133603455,99.5847897414577,25.2038162744059,650.917952229453,670.598082269831,680.065988935,69.9823905429924,665.110414284768
1284,4200,400,3,738371,0.658786309303733,494.302918010925,100.5794552536,25.204539592017,651.019180103987,668.323072059707,682.65244154462,70.6710732852694,664.185975971303
1285,4200,400,4,738371,0.649632383259821,495.214964933738,102.583207069365,24.948014633393,650.080287266009,670.446338789853,681.141113526191,69.7890342731478,662.494638057636
1286,4200,400,5,738371,0.676172316270331,496.825428714049,98.4736882736971,25.4997044094063,650.297266069258,669.798291106679,677.215127885261,70.552036529391,664.010102679053
1287,4200,400,6,738371,0.669827196354269,496.141349329776,99.7467839402398,24.6161874725974,649.851975881581,667.357641286837,677.950236909943,73.3911268241264,665.029356648323
1288,4200,400,7,738371,0.669281215466432,490.794853245025,100.42898082095,24.7066425274066,652.470204323842,669.868357017371,680.300898151719,70.6214810287875,664.362626752213
1289,4200,400,8,738371,0.642991061309706,504.273051382481,100.514144327299,24.3412339284421,649.9470733703,666.631639146876,681.211376502688,70.9658850530549,666.033705647434
1290,4200,400,9,738371,0.634457135117939,484.597024806212,101.319614793085,25.0623916548396,649.621093460071,669.343084456558,680.63538177719,68.231176784736,665.88477041323
1291,4200,400,10,738371,0.666294140926279,503.606664818938,99.3943674284037,24.1323673674081,649.168872565171,669.37808016886,679.272872459772,71.5077599990475,666.583028223088
1292,4200,400,11,738371,0.664668624097762,518.113641042546,101.155701473702,25.3364678847825,651.103665894781,672.116501256792,680.195135677746,68.0404912592994,664.984800454751
1293,4200,400,12,738371,0.660710114250042,500.629569880336,99.7958495927258,25.793992075747,644.874398697676,671.128159290236,682.074640303798,72.8437974814355,663.905398229729
1294,4200,400,13,738371,0.691010748332839,512.403386887118,97.8974215029703,23.4621045867269,650.071638949598,670.029514242079,679.121727521768,71.227111832375,664.761482270778
1295,4200,400,14,738371,0.66732677776898,505.343272205222,100.576239975495,24.7735853932083,649.072102242848,668.885588933492,679.491831426418,72.4751284492381,667.447110669717
1296,4200,400,15,738371,0.645214663073578,498.493306016213,99.9647730701881,25.0511278498725,648.525264087642,668.785800938248,680.797965620284,71.2059923713615,664.377339598689
1297,4200,400,16,738371,0.675416798202949,498.569526807827,99.5608981008634,25.9051192982028,649.097250042248,669.810640870117,679.779991214426,67.198312245373,665.356283788034
1298,4200,400,17,738371,0.655257462200001,518.634417933525,98.3384384273668,25.490813459793,649.329469362695,667.413581501996,681.919420606029,68.0051563162567,663.093198713582
1299,4200,400,18,738371,0.668333935753703,489.537793011729,101.892225040557,25.1552276399592,650.124596833428,670.890980735658,681.017163385278,69.7453483744159,665.618040238852
1300,4200,400,19,738371,0.657910770056376,506.479990885801,100.120293808295,24.6179266905391,650.858270296359,665.535188819829,676.883384347432,68.2108372293257,665.208014966279
1301,4200,400,20,738371,0.679859124521501,498.229145896498,100.451247649549,25.4192440955932,650.329538103436,671.561867585289,678.298145319109,70.2368342700365,662.828468258889
1302,4200,400,21,738371,0.660698268091093,506.414673003548,99.6100289947197,25.4563743475189,649.273799050023,670.908925248825,681.716300340453,70.7623218015857,665.60935586488
1303,4200,400,22,738371,0.653181514342178,488.668620961762,101.340397496879,26.2357405037529,647.961998404238,667.465816625413,679.356373371705,68.7037511152929,668.899042240731
1304,4200,400,23,738371,0.652280169057443,504.587301689319,101.010443290483,25.9776784716916,651.38908847365,669.350929568312,679.052750614362,71.829368449996,664.678912521959
1305,4200,400,24,738371,0.670817964418974,486.394810181602,99.086145680306,23.7265597345528,652.203981360048,671.037693692684,680.730469511556,70.752562542006,664.499794427206
1306,4200,400,25,738371,0.655635381044551,521.993064807629,100.941615212432,24.8713444710613,648.0190167946,673.990980275895,680.76626316286,70.0934325536212,662.661503589722
1307,4200,410,1,738371,0.638533487778106,510.495245274952,100.530873319999,26.4178002347715,651.434308879206,669.156095184673,679.975701001611,68.3691791205841,666.02900310854
1308,4200,410,2,738371,0.649252688125203,508.405888735471,100.87259684355,24.1370598093975,647.65234838397,670.199575749323,681.350835444496,68.5406853087918,666.369366066189
1309,4200,410,3,738371,0.664783346956059,514.094281499744,101.041484573353,23.7077814797468,653.122512135308,668.991199672578,681.468199311035,73.1220062111266,661.205529800225
1310,4200,410,4,738371,0.654243606434873,496.795031001946,100.225044733333,24.6394255924176,651.6940789375,668.872829812137,680.580410949613,71.4713503309593,665.896754360971
1311,4200,410,5,738371,0.678643192980459,500.041651486145,100.982760151929,24.8799317420653,649.512906714771,667.460607438096,679.465206433098,69.4877363882328,663.659433992277
1312,4200,410,6,738371,0.666935957270307,498.966860579099,100.038505374286,23.4847080105926,648.984483515392,669.510394810191,680.014829293133,73.6385263316768,666.979158420346
1313,4200,410,7,738371,0.681810827444544,491.216868326074,99.8721919707218,24.160661616308,652.320269250512,667.307410643024,679.739095573158,72.0840503711817,666.165922465436
1314,4200,410,8,738371,0.668533253296255,498.421986735676,101.283476775109,24.7767405453094,649.204081124365,671.065163573852,679.150066024922,68.7508845424524,664.487824209846
1315,4200,410,9,738371,0.678207723121681,499.999735502484,98.4604327238861,24.4559116067735,646.926674452518,668.255414553212,680.413805559395,71.0356809032004,665.247427511101
1316,4200,410,10,738371,0.657682830458184,506.95698550946,101.701237877506,24.3222742935192,649.812424242585,670.765238263992,679.598686917441,71.4502633486874,666.743881853277
1317,4200,410,11,738371,0.64799496223566,490.951434054986,98.8699712655187,25.8937127640194,647.46213784376,671.155300183162,680.461278363404,66.9450717366761,665.077160899139
1318,4200,410,12,738371,0.647332016262369,490.936996402355,100.000235281658,25.2132429245774,651.603559517416,669.854394595875,681.047425046871,71.5463000825626,664.71276133143
1319,4200,410,13,738371,0.661853112614345,497.838105807682,99.5434877554519,25.2008774246428,652.355909869357,669.140080780485,682.32543979873,73.188107822715,666.968243077711
1320,4200,410,14,738371,0.639832696376664,510.463720855537,99.5236037596369,23.4220518078983,648.313413544356,669.274379388568,678.593256823076,70.3470915431952,664.232410950497
1321,4200,410,15,738371,0.672124506784044,496.478463538027,100.628104894141,24.9357361774948,651.123090825549,668.950272442316,678.749129093814,70.7697993328977,668.59410617079
1322,4200,410,16,738371,0.68315561277322,500.107404159191,98.826682358176,26.0710120790219,651.260438177254,669.924624366884,679.696168563395,68.4572207461171,663.052800222899
1323,4200,410,17,738371,0.666818838418412,516.781312624257,99.4385395963502,24.305989506935,650.292555664397,670.556408778765,681.482559803133,69.5446766353305,664.993006720596
1324,4200,410,18,738371,0.657683927591229,500.816866339751,99.7999469535009,23.7978973386453,648.129757215876,669.241807081637,677.931465311859,73.9730403513877,667.737021226207
1325,4200,410,19,738371,0.653825416111583,498.030626660221,100.566714842521,26.1548244404864,649.162476555173,667.409706192705,678.387817973475,69.426122968425,664.072844517348
1326,4200,410,20,738371,0.677231245696778,499.822231115831,100.678845933642,24.963996671686,651.133235971984,667.895149794856,685.399764068874,70.4527936983834,666.547941427353
1327,4200,410,21,738371,0.646809899034082,502.221189379673,99.6186314994381,25.2296196667812,647.476687444366,668.729412833642,681.268605788961,71.0147117805734,664.197838941084
1328,4200,410,22,738371,0.664345482515604,495.959350139902,102.493358828447,25.3340540514963,651.012234280268,669.18662889023,678.055722351696,73.2949461974651,664.383441061707
1329,4200,410,23,738371,0.656706092864164,491.540193877942,100.520502392453,26.1448390529191,650.646916120711,670.454238107229,683.194254488244,71.4813874561147,665.908340655364
1330,4200,410,24,738371,0.64493410853399,494.446865018178,100.88028853627,23.1220285671929,651.126942285852,673.688028000787,681.369236775536,67.2243568907508,662.827978564568
1331,4200,410,25,738371,0.676398504221027,506.581802014541,101.073786301166,25.6621657331118,647.345689542523,668.239061274572,681.460736496723,70.6157705682693,663.583966222109
1332,4200,420,1,738371,0.676499429053363,480.920550468527,101.027069188688,25.5156763189861,649.905032040612,669.13013846435,678.003392868076,67.6041260805642,663.773337529534
1333,4200,420,2,738371,0.661338341922947,500.393233951471,100.431080775187,23.7304212155879,650.150792240567,671.414249433278,676.650819573922,69.167604540468,666.669646434457
1334,4200,420,3,738371,0.658362130400826,513.840108435457,101.351252856796,25.5170390656695,649.18132872545,671.169449846118,677.081356684751,70.9332106256034,665.714119725991
1335,4200,420,4,738371,0.662442818660082,504.755857165884,99.1492162535204,23.8807955491647,648.534938728384,672.040775344818,681.304426926192,70.808198384953,664.575027631856
1336,4200,420,5,738371,0.662546709986393,506.051721137505,100.805878282044,23.7523237794597,649.103864709637,668.918266252605,677.264032523491,71.0135518389562,663.155239114594
1337,4200,420,6,738371,0.665140829723527,489.048871067055,99.5588956382722,24.4067372152175,645.608452801475,670.20406141185,682.468062697072,71.6439982514254,664.289593281508
1338,4200,420,7,738371,0.666374106179722,510.573594287325,99.1280868717344,25.65490246493,648.984044829782,667.383453419244,678.838657523327,67.8631446611709,666.171797314635
1339,4200,420,8,738371,0.653836247208939,502.164172760147,99.715864381867,25.2402943194318,648.685756693565,669.740498117079,679.871068601435,68.3890409064678,663.039078525906
1340,4200,420,9,738371,0.657728107575802,491.859198612336,99.8404676813895,25.3530386118352,650.072409782281,671.87964916926,680.783383210331,70.3056407450652,666.476659010125
1341,4200,420,10,738371,0.652827995780326,500.933513864942,101.252278567144,23.7834111792337,647.838525158703,671.878400771395,679.583983113701,71.2095201196654,662.33709741359
1342,4200,420,11,738371,0.654231901701481,484.109442850234,99.8125295692083,24.7085255009346,650.74364116918,671.076887238146,680.278101631537,69.5211699379087,665.418808321761
1343,4200,420,12,738371,0.660170016572286,494.32505065166,99.4211022380631,23.9983038755544,649.115899024234,671.136643603134,679.641218361295,72.507316174556,664.530004886682
1344,4200,420,13,738371,0.649542809075292,456.221252435597,100.342059770969,98.1194532381929,649.381910469963,669.253739075498,679.479058324782,64.8734027646426,666.282343765986
1345,4200,420,14,738371,0.630928849159367,478.515247564153,100.354270745675,94.7597185226242,648.633506271128,669.016838768626,680.300465303804,64.7474684045278,662.52799596115
1346,4200,420,15,738371,0.649388818214987,458.786187491976,100.167754767561,98.0391298148296,648.967932483653,667.005588578511,679.297556490079,66.2071689674626,663.344645228786
1347,4200,420,16,738371,0.646866074224886,476.601629483117,100.253116642717,102.609047265545,650.359077070568,670.86416129011,680.73200494665,62.5157615884703,665.375454834845
1348,4200,420,17,738371,0.653145303210106,416.732436245797,98.9244630365593,104.944120441367,649.889261260567,667.969141842728,682.117333904437,67.363623624116,663.799475807532
1349,4200,420,18,738371,0.648052487401011,392.26676165694,98.9193376942827,104.057879551225,651.079161275072,670.453605305949,679.996727104541,61.9604048788828,663.196608807192
1350,4200,420,19,738371,0.635491118441741,404.256019495714,99.6137645017174,97.0771662457331,645.561166854262,669.971776215988,679.856390671572,66.9816606720375,664.248938152408
1351,4200,420,20,738371,0.622477946732275,482.581363332075,99.7292411767232,110.921453942091,649.835329069564,670.475350952026,680.196915897529,66.1530537239536,666.487377305337
1352,4200,420,21,738371,0.660714233267709,429.704789493346,100.864141873012,106.483656686738,650.68614730681,668.219283747841,680.541788675159,64.8946249824164,662.723317417447
1353,4200,420,22,738371,0.641953062840708,421.437986229642,99.9030312122744,103.694936500798,647.552854337163,667.159422227918,682.468611919569,63.8862287882595,666.166031474909
1354,4200,420,23,738371,0.63962632519829,457.978464593423,101.023915355894,97.5451943188513,650.072834491871,670.225906737104,676.76522925495,64.0928602501724,665.89097030628
1355,4200,420,24,738371,0.641631484804469,471.157807335627,97.7938047332286,98.8780554118436,651.869296012992,669.63507310117,678.381533993105,64.7781781062362,659.886199317647
1356,4200,420,25,738371,0.6390299482617,424.339103906283,100.706714646501,101.25198414395,647.456100259346,670.412320347975,679.060836440573,64.5664677947706,662.759941545355
1357,4200,430,1,738371,0.639605304625603,467.85476507574,101.815451565208,99.6922590049149,648.903324819104,671.976287186279,680.361386165204,65.0169628275425,667.499180698186
1358,4200,430,2,738371,0.6526324683141,506.063631155422,101.699982448136,100.69113699086,648.202018991403,668.710249404403,677.206858608792,66.592928434892,663.822765401786
1359,4200,430,3,738371,0.644210943823142,456.018145567819,98.4577419136324,103.661909044346,650.114963784505,670.26350098825,679.386774782943,64.1493471867199,664.287046995495
1360,4200,430,4,738371,0.643295820381114,428.013548314447,99.627074638455,101.074323426189,648.679541870246,668.711638056221,681.672997740263,66.4172955532941,666.048562381711
1361,4200,430,5,738371,0.630252747960868,432.555784009886,101.200556781515,98.0968892872953,649.508023937451,671.503289974694,680.848263054873,67.4850475992252,665.762975656216
1362,4200,430,6,738371,0.635835145442482,480.216869062512,99.9836970337591,94.6775352106224,647.115426515403,670.022583690829,679.936472268902,64.8945963996885,665.894284524213
1363,4200,430,7,738371,0.647918767958554,459.530958861555,99.5627734352344,92.1961039455991,651.950399215669,670.152114227227,679.616783566903,61.8189054281767,663.962719292877
1364,4200,430,8,738371,0.611039829000038,427.860385780077,101.006821306594,98.5763991169329,647.073975275628,668.22988104934,678.437149933927,63.6719916866489,662.209560637203
1365,4200,430,9,738371,0.654517397518947,467.004983936987,99.9552877600951,95.6667519712546,647.962638456991,671.282065141104,681.415786327858,65.4447747267494,663.801117187173
1366,4200,430,10,738371,0.655602279767238,438.536207629618,98.1565777765278,100.638992219836,653.913550578375,672.725310582468,679.303803130421,65.7046895778587,664.368996279066
1367,4200,430,11,738371,0.651575230392596,415.544555656805,100.664182938491,96.7367989767688,651.320443956438,667.682702839115,680.104819894106,64.2851434718722,664.295511788753
1368,4200,430,12,738371,0.635869378146924,479.068960309174,99.5150709647054,98.9638165511126,650.492962472281,671.983094009726,680.136091576713,62.7853518021297,664.940022060844
1369,4200,430,13,738371,0.630825357615067,416.327452358419,98.0794567134502,98.6130270988016,648.60398999366,670.559425917717,680.102716067478,65.7177481457343,665.4097813141
1370,4200,430,14,738371,0.646735028705295,430.576809891048,101.250232126936,99.4344397620832,651.77007573061,671.485023181404,682.400054032499,61.0225426704074,669.445704005887
1371,4200,430,15,738371,0.637555014211913,432.655903554165,99.9591354897231,94.5371838603213,649.864027638994,668.872333632482,678.743932327685,63.7599277736532,666.225952005492
1372,4200,430,16,738371,0.644034854025021,474.323328037429,100.038431591105,100.362969625081,650.23125008558,671.45855866378,677.834999568258,63.26063149795,667.734978973598
1373,4200,430,17,738371,0.623919486621291,418.857380952424,99.9449269859603,100.213527814636,651.92124088094,668.680615592496,680.848858902593,65.7231080529507,668.213699987205
1374,4200,430,18,738371,0.627104006524721,446.258281707026,100.051626148934,109.034473934594,652.671479445976,666.451832329663,677.378670727252,63.7316747447225,664.796400176762
1375,4200,430,19,738371,0.627606996237555,465.451979892332,99.9954286798781,94.6976562503814,648.042318379003,668.876209257865,682.660106644128,67.5374501821557,663.393154323375
1376,4200,430,20,738371,0.631904281158351,463.4866828737,98.622485053847,99.7386695774526,647.870697265928,668.632493547525,680.761610434085,68.1032131872477,665.474235814575
1377,4200,430,21,738371,0.653443339373886,464.811623855821,101.0637440288,104.22119317629,651.112334945686,667.866003554372,680.26190684023,65.2697534946227,665.12625305798
1378,4200,430,22,738371,0.622118093700373,455.737733264243,100.743280581015,101.139823641963,648.934721238821,670.803086100252,678.712802749735,62.3964388369285,665.115953014474
1379,4200,430,23,738371,0.645160061871858,441.738239004932,100.139155475999,96.5541539378854,650.533508873571,668.74158275065,676.440048008703,66.4617069635238,664.809755217491
1380,4200,430,24,738371,0.634634771399997,466.171580584894,101.484339274873,98.4461482778877,651.545643373585,669.545916652222,678.748519302056,64.6575539990985,667.439432550581
1381,4200,430,25,738371,0.63797137074091,392.917085429753,99.4549522560513,98.2072028689498,649.426747963805,668.657926147378,678.469068578913,66.4437830947036,667.211584383682
1382,4200,440,1,738371,0.644057454124706,472.110120479665,99.8470192671062,98.4802579480233,648.981690612076,668.093176833484,682.087280746302,65.4793318143906,664.812238635491
1383,4200,440,2,738371,0.629599064834325,432.299076665647,99.3493650772531,96.9273531189013,648.141628234304,670.705654031672,679.493707215408,63.2259861346566,664.433676587773
1384,4200,440,3,738371,0.628288720443374,446.501755797798,102.182398391588,103.38259214628,650.359957102287,669.842137648616,681.68459483806,63.7382116965525,665.090475770275
1385,4200,440,4,738371,0.630743235644925,442.634227751119,100.3415148875,106.64401560688,651.180617169639,666.322562127036,681.558787706058,65.7603569784861,662.551678149825
1386,4200,440,5,738371,0.642053400057082,446.974085777115,99.63092211324,104.21229266845,650.594786783516,670.105663459893,679.298906694342,63.8638244795879,663.0530743494
1387,4200,440,6,738371,0.651225201898843,489.311618604033,101.165231938243,108.034922814959,649.701365489391,670.595496389225,681.983540571385,67.1039696160252,665.358925878609
1388,4200,440,7,738371,0.632538462237539,446.413088135639,99.2855435100718,97.5242110786821,649.211195121062,671.685983338703,678.641300941431,64.8898960779331,665.469139429601
1389,4200,440,8,738371,0.632072815084476,443.639833652132,97.6897752863304,105.223305592321,647.941359309735,672.08286943017,678.774554006959,66.8439220370215,662.901168784129
1390,4200,440,9,738371,0.636131548241565,462.533929990899,100.73516479399,97.4742227338185,651.690599907448,669.419207001818,680.206989148558,66.7677766016228,662.315753303897
1391,4200,440,10,738371,0.644126196473701,439.317895949085,100.888597477181,99.2155648366897,649.71925355742,669.249527962851,679.100974909421,64.1367785599074,665.144022322348
1392,4200,440,11,738371,0.624267962919136,470.131363805128,99.2340773055887,96.7081751983457,651.99666378729,668.558752317642,682.002110297216,68.0961727780596,662.684008875882
1393,4200,440,12,738371,0.6419919201612,426.113006941788,99.3879623136452,100.080378826496,649.830107734682,670.710557630353,680.615613415363,65.1771630933627,664.33119068765
1394,4200,440,13,738371,0.630397777930016,444.224860412621,101.30135642394,100.980457395951,648.877164520595,670.248948121525,679.741735829525,63.0638739397566,666.481402605695
1395,4200,440,14,738371,0.638143350882421,441.995527101124,101.140953618727,94.7067861568385,650.087796582948,668.267526427593,677.274588948442,64.2230359410154,667.22456141748
1396,4200,440,15,738371,0.645995955167435,478.485544985824,98.1055895901193,100.124597519372,647.224221056228,668.998418885141,680.251416408678,65.9305117455349,668.066571680441
1397,4200,440,16,738371,0.621848150591363,481.626555049097,99.4437741444282,100.521545628436,646.553753317833,671.211208417554,681.715140148278,67.8146638359802,665.428630052154
1398,4200,440,17,738371,0.645782935162628,471.894460464821,98.485145307046,96.3865042287424,651.779101173626,669.025406572335,679.65718659982,66.8562948686637,663.042964308649
1399,4200,440,18,738371,0.614807348303473,458.530579030092,101.050395892307,94.3943588999046,650.057103529693,668.944199689952,679.327986440977,66.1160004704514,664.821065846643
1400,4200,440,19,738371,0.627691907779492,413.224389417741,97.3559446666597,102.461727086475,654.038565575769,669.161168914593,678.296424820088,67.2840887762103,664.950625389791
1401,4200,440,20,738371,0.642633871988319,483.33787103157,100.41587375405,97.159086824998,652.890918851051,669.66063552235,681.08689792916,64.2932139545076,662.564546345728
1402,4200,440,21,738371,0.635075836919971,434.355346660969,101.064095135533,98.9559988059839,652.371730335748,670.499314657714,682.978003029649,66.8713247725829,661.238772187839
1403,4200,440,22,738371,0.614087804909679,455.887034115775,100.287424079764,103.322130797976,647.65401216176,670.488328536421,678.181398904409,65.3217907331099,668.055359559489
1404,4200,440,23,738371,0.651441181651818,461.517532767441,99.6837716748733,102.31001427598,652.465806564545,669.194339817808,681.231235874419,64.7795148165601,666.890825165487
1405,4200,440,24,738371,0.659290681880561,452.552340777301,100.520382266301,99.120008061508,648.965778574136,669.214380480068,681.402215993324,65.1721583954099,666.394064019407
1406,4200,440,25,738371,0.614505307892311,439.117441263607,98.4772437186627,100.54608649084,648.152745721987,671.688699006105,680.126573754719,68.1853373205572,666.981345813783
1407,4200,450,1,738371,0.638188767827437,452.352384385031,99.2053325569466,97.994632586885,652.251402075347,670.895323898287,681.975315355731,63.6003756822077,668.145325828186
1408,4200,450,2,738371,0.645024276026396,452.845687450489,100.969369427896,100.410810336707,649.512732873042,669.738333326734,680.100514928965,64.8336079719425,664.613787929089
1409,4200,450,3,738371,0.636505832992601,496.473488904616,100.364421108256,96.9528643648405,649.814481449042,670.990244953384,680.569831556535,65.3975799187069,664.522587906583
1410,4200,450,4,738371,0.657787955420516,446.1842823252,99.4060350426852,98.6483253136836,648.547461172269,670.296639013284,682.549872619758,65.4228424858923,662.007511144236
1411,4200,450,5,738371,0.636112156262823,469.851818598954,99.0224540284854,92.7007387542436,651.381339644251,671.501558343538,680.509422987341,66.441973477007,665.825561437122
1412,4200,450,6,738371,0.668245684312303,480.535442969657,100.982753394946,95.8889724275597,647.375661021911,666.147516336805,679.588456781391,65.2222675366106,666.024739383672
1413,4200,450,7,738371,0.647375606670138,439.684346916347,100.014980885699,96.9101645992652,645.570716562344,667.613109933327,678.728518991135,62.0371843177973,663.983551301473
1414,4200,450,8,738371,0.648343166124825,466.233062674516,101.95535447016,90.9729724741727,649.550019812694,669.76465418562,682.654724664651,63.476828303961,666.619477769149
1415,4200,450,9,738371,0.651012881120696,468.86959071934,99.8765814416784,100.654837181315,648.651280083938,671.093533980646,678.324671225822,64.2951520792933,665.975677184995
1416,4200,450,10,738371,0.621306183885856,440.314336521009,100.478001731341,101.20565888802,650.095934474841,670.801961375291,678.485717663293,64.7282790628336,665.651564220001
1417,4200,450,11,738371,0.619504198625845,424.35335921154,100.748009394298,98.0548835084892,651.154222650812,667.603796149957,679.335119763564,64.0308058818248,665.214437326594
1418,4200,450,12,738371,0.632813079711897,438.25459134811,101.292183426741,97.153000416085,652.542351228399,671.257740426438,680.627000600227,66.9959371688785,667.293063187362
1419,4200,450,13,738371,0.646746717464687,463.008607431826,98.6561705515599,103.079458110012,648.871799739849,672.229203211484,679.829114261722,67.5119130774489,663.464891496314
1420,4200,450,14,738371,0.635948819617001,450.184382290009,97.6520081549337,100.934809200713,649.088110305556,668.649787979084,678.968803385002,63.9549914038225,666.960570977419
1421,4200,450,15,738371,0.645423351264193,428.6685446908,100.715101052663,102.920142762069,650.452471462217,668.60935600151,681.625615574945,68.2114222567276,665.768587636998
1422,4200,450,16,738371,0.627041942027477,517.673816033355,100.691978455582,25.8718807581747,663.002485489673,678.376602104824,689.248687746749,98.2375073225613,677.045829204506
1423,4200,450,17,738371,0.658769444253454,488.829818409276,99.3144470523784,26.3286315930186,659.878094575873,679.515217021697,686.903821590009,83.7098519003611,673.900538614224
1424,4200,450,18,738371,0.62576580483189,487.274008201025,100.946920947847,25.5177338269161,658.001246034007,678.178678017734,688.491913783432,97.353492995712,674.806362490963
1425,4200,450,19,738371,0.653781172631207,497.689759794971,100.74077035497,25.2895013277995,660.080178404866,677.972705430529,690.922880660478,89.3821760702245,674.432400091973
1426,4200,450,20,738371,0.633859982938417,494.463957630125,99.6813708274707,26.1822708082759,660.470440945426,679.239631954808,693.179595705611,81.5724335141391,675.278352922604
1427,4200,450,21,738371,0.652903285441849,508.910535629194,99.912445227628,23.3247634175892,662.108889842448,682.491298392364,692.152983173206,89.3381795905512,673.507904156619
1428,4200,450,22,738371,0.645223640452644,509.394573984026,98.3967845762221,25.6456387463212,658.070264336547,677.399452415812,690.432523664836,104.221570350012,677.218212718603
1429,4200,450,23,738371,0.6383214695208,505.626264537055,99.3195980663311,26.523135972392,657.106568973552,679.565683636809,690.914414958825,93.1671088310595,673.357232102815
1430,4200,450,24,738371,0.650026347439569,509.700292229273,100.087430400256,25.9173281746862,658.641655822709,680.973787239802,689.046144074057,99.9042289187334,672.697424762237
1431,4200,450,25,738371,0.650740181705982,506.01310256173,100.326222601667,24.5005214837,657.349756674089,680.407193079023,687.44945768766,87.2145006105326,674.042148221848
1432,4200,460,1,738371,0.646666696385171,503.83878139179,100.99330017602,24.5414204682598,660.359029333698,678.912199566754,689.293480855022,95.7148837277225,676.724243969688
1433,4200,460,2,738371,0.637343534050147,506.532891609819,102.027344387697,26.3524054271098,659.12924676854,680.055877149188,689.734538844073,110.357918638921,678.960251995998
1434,4200,460,3,738371,0.640079590050546,512.897657507465,101.099715446079,22.9982571569548,661.141794734301,681.878180065543,689.038942034257,98.5421911420116,674.720641167119
1435,4200,460,4,738371,0.642008967977364,488.901280641219,102.555181717464,26.3305570379778,661.245970858721,681.530054587882,691.328791903561,100.672328021781,674.390975814313
1436,4200,460,5,738371,0.646928187295786,515.207161667986,99.889306746653,23.8200823722253,660.127333570034,675.108860849493,690.217863740976,102.033080634916,673.731994564411
1437,4200,460,6,738371,0.653555598523435,490.049227463092,101.41226096062,24.8006051556865,659.684261239987,679.906568580059,691.097548760441,79.5029190638031,675.832294791253
1438,4200,460,7,738371,0.632167057450557,498.818359517841,100.098296250889,22.7625531378762,663.396830523699,679.949598223339,690.556142540172,85.0301527918718,673.932802942083
1439,4200,460,8,738371,0.62865562087506,501.769675121327,98.5869748138978,25.1168094314495,659.667082298194,680.101232977174,688.336051254209,78.7476063114,676.286235264057
1440,4200,460,9,738371,0.633956239591455,491.98825337116,102.016808623741,24.9757035797762,660.62450479303,680.893428632511,688.694509583706,104.795965562859,672.544950167365
1441,4200,460,10,738371,0.636110693429043,490.447590281958,101.826350525419,24.4662275787612,658.876995913619,679.745621009513,690.750326772676,72.3495034935539,675.096501504846
1442,4200,460,11,738371,0.639643735995162,495.270019070642,98.3290337701959,25.6001406245704,659.927255655516,683.402532089917,690.740467367032,77.9739087715271,675.988271540826
1443,4200,460,12,738371,0.636662878713579,516.531872561263,100.343204463301,23.4988756266614,660.476020567108,678.825262843496,690.274896855436,80.5896824107232,672.531102783693
1444,4200,460,13,738371,0.618105333936555,496.566811155653,100.044442486089,24.5401246478952,660.372774121688,677.102997735827,690.279352946919,95.6877756936782,675.396839622506
1445,4200,460,14,738371,0.645547874568148,497.617877021115,100.666891535739,23.5565398987062,661.272899330859,684.216789111716,691.885203540688,96.0896746608658,675.737347749925
1446,4200,460,15,738371,0.623623180288175,509.903536812603,101.032678597775,25.2086937518261,659.532903671752,682.124918951903,687.431901458567,101.864103633752,674.987169143806
1447,4200,460,16,738371,0.635713929226798,508.736769213578,99.2026485732936,25.8137475919809,659.810914440893,680.219499035824,690.862849502962,65.3390825310631,675.798684095965
1448,4200,460,17,738371,0.639691411039852,501.362800416221,101.077605063457,28.342028814917,658.90835272247,683.40308989769,690.394099163759,94.9415535293153,673.791819829474
1449,4200,460,18,738371,0.646664636541679,509.488341596508,98.3034755286034,24.526894076873,660.520377850146,681.614628867354,688.346335287369,84.2287187440878,673.929915583536
1450,4200,460,19,738371,0.623671908857011,489.388172742865,100.060547907492,25.7153427749278,660.906603407515,681.034151800111,692.041325466296,79.2284663521532,674.220514993937
1451,4200,460,20,738371,0.632230288286377,503.148694486955,100.559311725342,24.5104165401577,659.366265296355,678.719032155639,690.405375745336,88.3501396234657,672.21041893812
1452,4200,460,21,738371,0.64400506060085,480.153384206007,98.4965358287873,24.067226466014,661.585000636788,681.293582081896,690.484604241209,74.3506118090274,676.761373542219
1453,4200,460,22,738371,0.635625550666776,521.258217591634,100.842815908768,24.8040768920841,662.664460369053,681.770905877715,690.047476159018,105.54110945485,675.143396800427
1454,4200,460,23,738371,0.638589408541138,496.157742664963,100.708290652964,23.7864574832511,659.685900440843,678.910925748117,691.593864604314,93.0308454324733,676.594959635641
1455,4200,460,24,738371,0.640733641835055,504.323030103265,100.468209064863,25.3653932599404,661.095867751462,679.370836040082,688.295962231284,80.9981627420765,674.325948722489
1456,4200,460,25,738371,0.630664305598236,501.876754965393,99.4817251996267,25.0395549311451,655.232352188025,680.802701088576,690.212143819027,76.0220822981496,673.226635337349
1457,4200,470,1,738371,0.635216421351155,498.553988039841,99.6147758068888,25.9876058987375,659.840665212836,680.768681860741,688.830560310342,101.468777527975,674.033564889691
1458,4200,470,2,738371,0.634019965534371,507.345286726911,100.436895802776,24.1792812520295,660.409396929699,678.903798354912,688.986879220871,94.9900538159408,678.328795370637
1459,4200,470,3,738371,0.638868342444602,509.987772788615,100.384835180455,25.6796819761464,663.471478342909,682.2152998269,687.452214885358,80.5435209902665,674.247264543829
1460,4200,470,4,738371,0.637168194205592,487.80192026892,97.1603010675904,22.904496607556,659.04489948943,679.500903649835,688.740957377423,93.4274061120332,675.476967698991
1461,4200,470,5,738371,0.639708529758555,477.373081948496,100.622310868759,24.4593374762813,661.156650406332,678.836839457254,686.99854673293,94.7676008092336,673.292589659605
1462,4200,470,6,738371,0.646596722472046,484.631468494461,99.6196875498211,24.019631773921,658.502713919337,681.350171933974,690.670335294804,79.1868689421314,676.543303334231
1463,4200,470,7,738371,0.639981495413182,511.487622947696,100.742614475546,25.5890261640565,659.40484628718,681.170061516173,690.501036979833,107.131713761383,674.126758489854
1464,4200,470,8,738371,0.63463697903905,507.819569031348,98.6135458650983,24.3571292040974,660.910040149826,676.802963475643,689.943849263566,100.213026434362,676.733607145831
1465,4200,470,9,738371,0.653492299600806,484.601122537273,99.3926918341819,25.2156655444786,660.43699887834,680.454868133456,694.812290825882,73.8223720141195,675.208985626134
1466,4200,470,10,738371,0.630855207132248,493.308991935521,101.19905503505,25.4581251747753,658.879654147804,676.176572389989,686.324438920362,83.8339576770117,672.638923161773
1467,4200,470,11,738371,0.639934814714082,495.086453156236,100.024936315562,26.4997886644977,662.168601539091,680.829666733432,689.580800967831,66.4886164825599,677.027040356528
1468,4200,470,12,738371,0.631243896295334,500.126469549001,99.5626228122932,23.6764700402681,661.404731481155,675.615609744736,688.926049257341,94.2585838753212,678.527906290999
1469,4200,470,13,738371,0.654790846348688,505.722658870281,99.8090072337452,23.5924966499883,659.850882296288,679.217118249398,689.917143188542,87.8931598454343,674.481140150885
1470,4200,470,14,738371,0.641118921503714,492.745176707878,98.9040788399912,25.734532187854,661.623055731861,678.958160834174,690.133200836032,98.2451814412957,675.184679651655
1471,4200,470,15,738371,0.627734048942365,499.428075023654,99.9565679840093,24.9021859823366,659.907744874362,679.323049631742,689.155767067683,89.3087430804362,672.608102427133
1472,4200,470,16,738371,0.649968211794035,519.872473032969,100.482744594009,23.6337294854261,657.815749704505,681.389801622424,690.632091099302,84.9733434006847,677.810963429958
1473,4200,470,17,738371,0.647368492619609,508.166431885797,100.045160417803,25.970157457607,660.247204198527,681.529739838888,690.160857896412,79.6868438263574,672.051583842087
1474,4200,470,18,738371,0.646870840446753,507.054010690753,100.471276517235,26.9726270744327,658.30036048252,678.160742474549,692.540766586736,86.3680136914704,674.491959006381
1475,4200,470,19,738371,0.647447685506004,506.479329073861,101.695247324717,25.814915289791,658.829856751956,679.767038397978,689.497219846729,67.4202703493622,676.440787843602
1476,4200,470,20,738371,0.647221165435074,508.228289466093,99.3898042191166,24.1560393525843,660.19313533465,675.509717785459,692.146988394543,93.8869505167774,674.122314027094
1477,4200,470,21,738371,0.654405007653109,508.051937360103,100.456913190583,26.2493039545024,660.424363485577,679.580773248646,689.386907516165,69.6988472544674,673.515031133232
1478,4200,470,22,738371,0.648070361167674,493.516114409325,100.768056906229,24.5317748751851,661.901898252307,682.136480692238,691.127023858408,83.13572215924,675.965246517085
1479,4200,470,23,738371,0.642014767414971,485.042636924098,99.5821336289696,25.1215213647625,661.562230123231,680.594341774846,691.724315326745,101.600854803843,673.869169902365
1480,4200,470,24,738371,0.634825481010864,501.409935524554,99.9955565474186,24.5539211941345,661.454508741103,680.17136679319,689.012141683572,97.7380289603932,676.504437470581
1481,4200,470,25,738371,0.646631345802655,495.608781681831,99.3814018302661,25.7711924620989,658.807134543364,681.844396897944,690.312603677709,62.2206828860168,674.64426157441
1482,4200,480,1,738371,0.6428074185875,492.235400039823,100.718721417849,25.6989101329208,659.388229500069,681.784192439741,689.707028305058,93.0643195103339,673.19154984068
1483,4200,480,2,738371,0.644986255007178,500.177063683648,100.074457028411,24.2994540917762,660.137970102972,678.195749244815,689.635048278331,82.670045524846,670.335929450579
1484,4200,480,3,738371,0.64375462033022,486.317153320939,100.783521580215,24.9369676689302,659.152586723275,680.761917423701,693.321483999236,93.7957889456153,672.421656674322
1485,4200,480,4,738371,0.628216410439412,504.017157708802,101.24146659975,25.0588149047895,660.526410025864,680.431391422106,688.947244015761,78.0196635144395,675.287327797249
1486,4200,480,5,738371,0.638941328388493,506.714596140833,102.078315493631,24.8182814030457,658.635128468063,679.116592057869,688.915137002594,100.776332308852,673.515993523514
1487,4200,480,6,738371,0.632216647543104,499.897739267311,100.583111553419,25.4807634926471,659.673295814628,680.73333613445,690.062847149175,97.2835964068477,676.811697118476
1488,4200,480,7,738371,0.65534026411029,514.250081870854,100.026565433056,24.382850364721,663.133374459356,679.947785271684,688.730744488095,103.735029545555,673.154571975721
1489,4200,480,8,738371,0.638687255606166,500.28275076193,100.139870901244,24.8321635665464,659.443172697975,678.289376438795,689.624172288437,76.6001766366543,674.883908619334
1490,4200,480,9,738371,0.651585476015034,491.168182242793,99.7631813340656,25.6397328219325,660.674167478852,681.341111789614,689.237899269969,93.4312780849847,675.398986810584
1491,4200,480,10,738371,0.638256784495162,511.157591615924,100.297045100953,25.0023784337066,658.575867502515,679.931576268194,687.263225170908,81.9068099734221,675.082650015987
1492,4200,480,11,738371,0.624615921583583,487.439903193688,99.5113679767591,24.5592718226351,660.411230422147,679.362108269622,692.349607795198,99.2437722481829,674.850239422723
1493,4200,480,12,738371,0.641686717188442,494.253477255891,99.7058561673795,24.2093129943814,660.770902138665,677.482988383101,688.396023100894,84.2101078365659,674.815387646031
1494,4200,480,13,738371,0.640818911100432,507.534846019749,100.390102779209,26.1383453942961,659.558674110839,678.868623648181,689.187031729634,76.3634996567828,677.355328389957
1495,4200,480,14,738371,0.639012476166156,500.896869330481,101.051047354773,24.6041353818734,660.867878809761,681.833764207092,691.04173350501,101.821943607062,673.782911351426
1496,4200,480,15,738371,0.631350884838207,520.741674896969,101.535029417725,24.7174675443979,660.969158045957,680.69699222835,692.31701427717,106.79070985573,673.902388922511
1497,4200,480,16,738371,0.638958781090833,496.061435369273,99.1865903060755,25.9629210033223,657.667910310161,680.576222620844,689.052085600733,87.746757148498,672.561641253016
1498,4200,480,17,738371,0.64951788381014,496.383768266278,100.732291879273,27.033705688553,662.266255319768,680.308987070943,691.87627660926,94.0075096454532,674.923423369966
1499,4200,480,18,738371,0.664937806949502,511.194079291211,99.4006206468903,24.3744253343101,657.239572899733,679.208575311979,688.925236726247,96.0786222376105,675.346298014631
